{
  "binary": 9.266443762795799,
  "array": 2.8732887811889336
}